time, T, length, maxx, popt, pcov
1636244382682084000, 1.12735014885811, 0.31570291498674097, 35.409833851683516, [471.77135887  29.55866553 -19.49722097   0.88703585], [[ 3.39243580e+02 -2.27002856e+02 -3.08909858e+02 -2.64546724e-01]
 [-2.27002856e+02  9.07492884e+03  1.29302647e+04  9.86771909e+00]
 [-3.08909858e+02  1.29302647e+04  2.06302725e+04  1.52567343e+01]
 [-2.64546724e-01  9.86771909e+00  1.52567343e+01  1.16362743e-02]]
